{
  "RMBR4-1": {
    "scale_mu": 0.98,
    "scale_sd": 0.02,
    "offset_sd": 0.12,
    "noise_sd": 0.07,
    "scales": [
      0.9860943415950886,
      0.9592003178751901,
      0.9950090239161291,
      0.9988112943278242,
      0.9409792962269232,
      0.9539564098627537,
      0.9825568080633457,
      0.9736751481531284
    ],
    "offsets": [
      -0.0020161389005146553,
      -0.10236527130882961,
      0.10552775698353942,
      0.0933350322514738,
      0.007923683707345926,
      0.13526894483616395,
      0.05610112107024547,
      -0.10311509554598859
    ]
  },
  "RMBR4-3": {
    "scale_mu": 1.02,
    "scale_sd": 0.02,
    "offset_sd": 0.12,
    "noise_sd": 0.07,
    "scales": [
      1.0159281197491155,
      1.0211255262803043,
      1.0104046624061256,
      1.0391323595350692,
      1.0258305709544353,
      1.0088608377965327,
      0.990219405069444,
      1.0420992254979666
    ],
    "offsets": [
      -0.08928780614215678,
      0.00864772229874564,
      0.28231196197734854,
      0.09618114500799707,
      0.19333795065923895,
      -0.06457497750493783,
      0.12851716761842485,
      0.003200279154226927
    ]
  }
}